
INSERT INTO ΠΕΡΙΟΧΗ (ΚΩΔΙΚΟΣ, ΟΝΟΜΑΣΙΑ, ΠΛΗΘΥΣΜΟΣ)
VALUES('025','ΛΑΡΙΣΑ','50')

INSERT INTO ΠΕΡΙΟΧΗ (ΚΩΔΙΚΟΣ, ΟΝΟΜΑΣΙΑ, ΠΛΗΘΥΣΜΟΣ)
VALUES('026','ΜΕΓΑΡΑ','23')

INSERT INTO ΚΑΤΗΓΟΡΙΑ (ΚΩΔΙΚΟΣ, ΤΙΤΛΟΣ, ΠΕΡΙΓΡΑΦΗ)
VALUES('4752','ΟΙΚΙΑΚΑ','ΠΡΟΙΟΝΤΑ ΟΙΚΙΑΚΗΣ')

INSERT INTO ΚΑΤΗΓΟΡΙΑ (ΚΩΔΙΚΟΣ, ΤΙΤΛΟΣ, ΠΕΡΙΓΡΑΦΗ)
VALUES('4753','ΚΙΝΗΤΑ','ΚΙΝΗΤΑ ΤΗΛΕΦΩΝΑ')

INSERT INTO ΠΡΟΜΗΘΕΥΤΗΣ (ΚΩΔΙΚΟΣ, ΤΗΛΕΦΩΝΟ, ΑΦΜ, ΕΠΩΝΥΜΙΑ, ΟΔΟΣ, ΑΡΙΘΜΟΣ, ΠΟΛΗ, ΤΚ, ΠΕΡΙΟΧΗ)
VALUES('30','2358051496','987654321','HOMIES','ΣΤΕΦΑΝΟΥ','87','ΑΡΓΙΣΣΑ','14321','025')

INSERT INTO ΠΡΟΜΗΘΕΥΤΗΣ (ΚΩΔΙΚΟΣ, ΤΗΛΕΦΩΝΟ, ΑΦΜ, ΕΠΩΝΥΜΙΑ, ΟΔΟΣ, ΑΡΙΘΜΟΣ, ΠΟΛΗ, ΤΚ, ΠΕΡΙΟΧΗ)
VALUES('31','2130524378','4716522805','LAMPROU','ΑΜΑΡΟΥΣΙΟΥ','12','ΑΓΙΟΣ ΙΩΑΝΝΗΣ','16254','026')

INSERT INTO ΠΡΟΪΟΝ (ΚΩΔΙΚΟΣ, ΟΝΟΜΑΣΙΑ, ΠΕΡΙΓΡΑΦΗ, ΤΙΜΗ, ΑΠΟΘΕΜΑ, ΚΑΤΗΓΟΡΙΑ)
VALUES('8961','ΨΥΓΕΙΟ','LG_51','500','20','4752')

INSERT INTO ΠΡΟΪΟΝ (ΚΩΔΙΚΟΣ, ΟΝΟΜΑΣΙΑ, ΠΕΡΙΓΡΑΦΗ, ΤΙΜΗ, ΑΠΟΘΕΜΑ, ΚΑΤΗΓΟΡΙΑ)
VALUES('5411','KINHTO','XIAOMI_12','300','11','4753')

INSERT INTO ΑΓΟΡΑ (ΚΩΔΙΚΟΣ, ΠΡΟΪΟΝ, ΠΡΟΜΗΘΕΥΤΗΣ, ΗΜΕΡΟΜΗΝΙΑ, ΠΟΣΟΤΗΤΑ)
VALUES('006','8961','30','05/01/2023','50')

INSERT INTO ΑΓΟΡΑ (ΚΩΔΙΚΟΣ, ΠΡΟΪΟΝ, ΠΡΟΜΗΘΕΥΤΗΣ, ΗΜΕΡΟΜΗΝΙΑ, ΠΟΣΟΤΗΤΑ)
VALUES('012','5411','31','12/03/2023','30')
 
INSERT INTO ΠΕΛΑΤΕΣ (ΚΩΔΙΚΟΣ, ΕΠΩΝΥΜΙΑ, ΑΦΜ, ΤΗΛΕΦΩΝΟ, ΟΔΟΣ, ΑΡΙΘΜΟΣ, ΤΚ, ΠΟΛΗ, ΠΕΡΙΟΧΗ) 
VALUES ('5210456255','Σοφία Παπαδοπούλου', '175444869', '6958457894', 'Σαλαμίνος', '25','12458', 'Λάρισα','025')

INSERT INTO ΠΕΛΑΤΕΣ (ΚΩΔΙΚΟΣ, ΕΠΩΝΥΜΙΑ, ΑΦΜ, ΤΗΛΕΦΩΝΟ, ΟΔΟΣ, ΑΡΙΘΜΟΣ, ΤΚ, ΠΟΛΗ, ΠΕΡΙΟΧΗ) 
VALUES ('5210456256','Ιάσονας Λαζαρίδης', '175844469', '6958657814', 'Αμαρουσίου', '25','12558', 'Λάρισα', '025')

INSERT INTO ΠΕΛΑΤΕΣ (ΚΩΔΙΚΟΣ, ΕΠΩΝΥΜΙΑ, ΑΦΜ, ΤΗΛΕΦΩΝΟ, ΟΔΟΣ, ΑΡΙΘΜΟΣ, ΤΚ, ΠΟΛΗ, ΠΕΡΙΟΧΗ) 
VALUES ('5210456456','Μαρία Λαζαρίδης', '175844969', '6958657414', 'Αμαρουσίου', '29','12558', 'Μέγαρα','026')

INSERT INTO ΣΥΧΝΟΙ_ΠΕΛΑΤΕΣ (ΚΩΔΙΚΟΣ, ΟΡΙΟ, ΥΠΟΛΟΙΠΟ) 
VALUES ('5210456255', 458856.12, 8965.25)

INSERT INTO ΣΥΧΝΟΙ_ΠΕΛΑΤΕΣ (ΚΩΔΙΚΟΣ, ΟΡΙΟ, ΥΠΟΛΟΙΠΟ) 
VALUES ('5210456256', 45885477.12, 89615.25)

INSERT INTO ΠΛΗΡΩΜΗ (ΗΜΕΡΟΜΗΝΙΑ, ΩΡΑ, ΠΟΣΟ, ΠΕΛΑΤΗΣ) 
VALUES ('2023-05-16', '14:15:14', 78.59, '5210456256')

INSERT INTO ΠΛΗΡΩΜΗ (ΗΜΕΡΟΜΗΝΙΑ, ΩΡΑ, ΠΟΣΟ, ΠΕΛΑΤΗΣ) 
VALUES ('2023-05-17', '19:18:14', 15.59, '5210456256')

INSERT INTO ΠΛΗΡΩΜΗ (ΗΜΕΡΟΜΗΝΙΑ, ΩΡΑ, ΠΟΣΟ, ΠΕΛΑΤΗΣ) 
VALUES ('2023-07-16', '06:15:14', 08.59, '5210456255')


INSERT INTO ΠΑΡΑΓΓΕΛΙΕΣ (ΚΩΔΙΚΟΣ, ΗΜΕΡΟΜΗΝΙΑ_ΠΑΡ, ΗΜΕΡΟΜΗΝΙΑ_ΑΠΟΣΤ, ΠΕΛΑΤΗΣ ) 
VALUES ('15889634', '2023-05-14', '2023-05-17', '5210456255')


INSERT INTO ΠΑΡΑΓΓΕΛΙΕΣ (ΚΩΔΙΚΟΣ, ΗΜΕΡΟΜΗΝΙΑ_ΠΑΡ, ΗΜΕΡΟΜΗΝΙΑ_ΑΠΟΣΤ, ΠΕΛΑΤΗΣ ) 
VALUES ('15889638', '2023-05-14', '2023-05-18', '5210456255')

INSERT INTO ΠΕΡΙΕΧΟΜΕΝΟ_ΠΑΡΑΓΓΕΛΙΑΣ (ΠΡΟΪΟΝ, ΠΟΣΟΤΗΤΑ, ΠΑΡΑΓΓΕΛΙΑ)
VALUES ('5411',10, '15889634' )

INSERT INTO ΠΕΡΙΕΧΟΜΕΝΟ_ΠΑΡΑΓΓΕΛΙΑΣ (ΠΡΟΪΟΝ, ΠΟΣΟΤΗΤΑ, ΠΑΡΑΓΓΕΛΙΑ)
VALUES ('8961',410, '15889638' )
